[{"name":"Menu","children":[{"name":"Test Services","children":[{"name":"Mobile Application Testing","id":6873649014719},{"name":"Cross Browser Testing","id":4855620135290},{"name":"Security Testing","id":554163161840},{"name":"ser","id":9322508200550}],"id":5596091480865},{"name":"Test Infrastructure","children":[{"name":"Cross Browser Environment","id":8855047739584},{"name":"Mobile Device Environment","id":5945037803761},{"name":"Virtual Machine On Cloud","id":1118689216629}],"id":2035523151629},{"name":"Test Automation","children":[{"name":"Cross Browser Automation","id":4341503265195},{"name":"Mobile Automation On Cloud","id":3732562789964}],"id":4425474461835},{"name":"Testing Tools","children":[{"name":"ADPART","id":5240853277690},{"name":"Smartstub","id":2094770781730},{"name":"Appium On Cloud","id":6946794996706},{"name":"IoT Extreme Visualization","id":3845644466797}],"id":2692178942386}],"id":1361493992547}]